984,TEMPLATE_RENAME (43) (1)
985,TEMPLATE_RENAME (44) (1)
986,TEMPLATE_RENAME (45) (1)
987,TEMPLATE_RENAME (10) (12)
988,TEMPLATE_RENAME (11) (12)
989,TEMPLATE_RENAME (12) (12)
990,TEMPLATE_RENAME (13) (12)
991,TEMPLATE_RENAME (14) (12)
992,TEMPLATE_RENAME (15) (12)
993,TEMPLATE_RENAME (16) (6)
994,TEMPLATE_RENAME (17) (6)
995,TEMPLATE_RENAME (18) (6)
996,TEMPLATE_RENAME (19) (6)
997,TEMPLATE_RENAME (20) (6)
998,TEMPLATE_RENAME (21) (6)
999,TEMPLATE_RENAME (22) (6)
1000,TEMPLATE_RENAME (23) (6)
1001,TEMPLATE_RENAME (24) (6)
1002,TEMPLATE_RENAME (25) (6)
1003,TEMPLATE_RENAME (10) (13)
1004,TEMPLATE_RENAME (11) (13)
1005,TEMPLATE_RENAME (12) (13)
1006,TEMPLATE_RENAME (13) (13)
1007,TEMPLATE_RENAME (14) (13)
1008,TEMPLATE_RENAME (15) (13)
1009,TEMPLATE_RENAME (26) (3)
1010,TEMPLATE_RENAME (27) (3)
1011,TEMPLATE_RENAME (28) (3)
1012,TEMPLATE_RENAME (29) (3)
1013,TEMPLATE_RENAME (30) (3)
1014,TEMPLATE_RENAME (31) (3)
1015,TEMPLATE_RENAME (32) (3)
1016,TEMPLATE_RENAME (33) (3)
1017,TEMPLATE_RENAME (34) (3)
1018,TEMPLATE_RENAME (35) (3)
1019,TEMPLATE_RENAME (10) (14)
1020,TEMPLATE_RENAME (11) (14)
1021,TEMPLATE_RENAME (12) (14)
1022,TEMPLATE_RENAME (13) (14)
1023,TEMPLATE_RENAME (14) (14)
1024,TEMPLATE_RENAME (15) (14)
1025,TEMPLATE_RENAME (16) (7)
1026,TEMPLATE_RENAME (17) (7)
1027,TEMPLATE_RENAME (18) (7)
1028,TEMPLATE_RENAME (19) (7)
1029,TEMPLATE_RENAME (20) (7)
1030,TEMPLATE_RENAME (21) (7)
1031,TEMPLATE_RENAME (22) (7)
1032,TEMPLATE_RENAME (23) (7)
1033,TEMPLATE_RENAME (24) (7)
1034,TEMPLATE_RENAME (25) (7)
1035,TEMPLATE_RENAME (10) (15)
1036,TEMPLATE_RENAME (11) (15)
1037,TEMPLATE_RENAME (12) (15)
1038,TEMPLATE_RENAME (13) (15)
1039,TEMPLATE_RENAME (14) (15)
1040,TEMPLATE_RENAME (15) (15)
1041,TEMPLATE_RENAME (56)
1042,TEMPLATE_RENAME (57)
1043,TEMPLATE_RENAME (58)
1044,TEMPLATE_RENAME (59)
1045,TEMPLATE_RENAME (60)
1046,TEMPLATE_RENAME (61)
1047,TEMPLATE_RENAME (62)
1048,TEMPLATE_RENAME (63)
1049,TEMPLATE_RENAME (64)
1050,TEMPLATE_RENAME (65)
1051,TEMPLATE_RENAME (10) (16)
1052,TEMPLATE_RENAME (11) (16)
1053,TEMPLATE_RENAME (12) (16)
1054,TEMPLATE_RENAME (13) (16)
1055,TEMPLATE_RENAME (14) (16)
1056,TEMPLATE_RENAME (15) (16)
1057,TEMPLATE_RENAME (16) (8)
1058,TEMPLATE_RENAME (17) (8)
1059,TEMPLATE_RENAME (18) (8)
1060,TEMPLATE_RENAME (19) (8)
1061,TEMPLATE_RENAME (20) (8)
1062,TEMPLATE_RENAME (21) (8)
1063,TEMPLATE_RENAME (22) (8)
1064,TEMPLATE_RENAME (23) (8)
1065,TEMPLATE_RENAME (24) (8)
1066,TEMPLATE_RENAME (25) (8)
1067,TEMPLATE_RENAME (10) (17)
1068,TEMPLATE_RENAME (11) (17)
1069,TEMPLATE_RENAME (12) (17)
1070,TEMPLATE_RENAME (13) (17)
1071,TEMPLATE_RENAME (14) (17)
1072,TEMPLATE_RENAME (15) (17)
1073,TEMPLATE_RENAME (26) (4)
1074,TEMPLATE_RENAME (27) (4)
1075,TEMPLATE_RENAME (28) (4)
1076,TEMPLATE_RENAME (29) (4)
1077,TEMPLATE_RENAME (30) (4)
1078,TEMPLATE_RENAME (31) (4)
1079,TEMPLATE_RENAME (32) (4)
1080,TEMPLATE_RENAME (33) (4)
1081,TEMPLATE_RENAME (34) (4)
1082,TEMPLATE_RENAME (35) (4)
1083,TEMPLATE_RENAME (10) (18)
1084,TEMPLATE_RENAME (11) (18)
1085,TEMPLATE_RENAME (12) (18)
1086,TEMPLATE_RENAME (13) (18)
1087,TEMPLATE_RENAME (14) (18)
1088,TEMPLATE_RENAME (15) (18)
1089,TEMPLATE_RENAME (16) (9)
1090,TEMPLATE_RENAME (17) (9)
1091,TEMPLATE_RENAME (18) (9)
1092,TEMPLATE_RENAME (19) (9)
1093,TEMPLATE_RENAME (20) (9)
1094,TEMPLATE_RENAME (21) (9)
1095,TEMPLATE_RENAME (22) (9)
1096,TEMPLATE_RENAME (23) (9)
1097,TEMPLATE_RENAME (24) (9)
1098,TEMPLATE_RENAME (25) (9)
1099,TEMPLATE_RENAME (10) (19)
1100,TEMPLATE_RENAME (11) (19)
1101,TEMPLATE_RENAME (12) (19)
1102,TEMPLATE_RENAME (13) (19)
1103,TEMPLATE_RENAME (14) (19)
1104,TEMPLATE_RENAME (66)
1105,TEMPLATE_RENAME (67)
1106,TEMPLATE_RENAME (68)
1107,TEMPLATE_RENAME (69)
1108,TEMPLATE_RENAME (70)
1109,TEMPLATE_RENAME (71)
1110,TEMPLATE_RENAME (72)
1111,TEMPLATE_RENAME (73)
1112,TEMPLATE_RENAME (74)
1113,TEMPLATE_RENAME (75)
1114,TEMPLATE_RENAME (10) (20)
1115,TEMPLATE_RENAME (11) (20)
1116,TEMPLATE_RENAME (12) (20)
1117,TEMPLATE_RENAME (13) (20)
1118,TEMPLATE_RENAME (14) (20)
1119,TEMPLATE_RENAME (15) (19)
1120,TEMPLATE_RENAME (16) (10)
1121,TEMPLATE_RENAME (17) (10)
1122,TEMPLATE_RENAME (18) (10)
1123,TEMPLATE_RENAME (19) (10)
1124,TEMPLATE_RENAME (20) (10)
1125,TEMPLATE_RENAME (21) (10)
1126,TEMPLATE_RENAME (22) (10)
1127,TEMPLATE_RENAME (23) (10)
1128,TEMPLATE_RENAME (24) (10)
